{"cameraMode":{"drawMode":0,"name":"Shaded","section":"Shading Mode"},"sceneLighting":true,"audioPlay":false,"sceneViewState":{"m_AlwaysRefresh":false,"showFog":true,"showSkybox":true,"showFlares":true,"showImageEffects":true,"showParticleSystems":true,"showVisualEffectGraphs":true,"m_FxEnabled":true},"in2DMode":false,"pivot":{"x":0.5556436777114868,"y":19.064800262451173,"z":-5.434593200683594},"rotation":{"x":0.0009987052762880922,"y":0.052882205694913867,"z":0.00005271856934996322,"w":-0.9986063838005066},"size":4.661451816558838,"orthographic":true}