{"cameraMode":{"drawMode":0,"name":"Shaded","section":"Shading Mode"},"sceneLighting":true,"audioPlay":false,"sceneViewState":{"m_AlwaysRefresh":false,"showFog":true,"showSkybox":true,"showFlares":true,"showImageEffects":true,"showParticleSystems":true,"showVisualEffectGraphs":true,"m_FxEnabled":true},"in2DMode":false,"pivot":{"x":0.5221633911132813,"y":4.986796855926514,"z":-24.990234375},"rotation":{"x":0.04887806996703148,"y":0.0019977851770818235,"z":-0.00009151047561317682,"w":0.9988157749176025},"size":5.011345386505127,"orthographic":false}